{
  "description": "项目配置文件。",
  "setting": {
    "urlCheck": true,
    "es6": true,
    "postcss": true,
    "minified": true,
    "newFeature": true,
    "babelSetting": {
      "ignore": [],
      "disablePlugins": [],
      "outputPath": ""
    }
  },
  "compileType": "game",
  "libVersion": "3.4.7",
  "appid": "wx2f370ffd3031c177",
  "projectname": "cutTree",
  "condition": {},
  "packOptions": {
    "ignore": [],
    "include": []
  },
  "editorSetting": {
    "tabIndent": "insertSpaces",
    "tabSize": 2
  }
}