{
  "description": "项目配置文件。",
  "setting": {
    "urlCheck": false,
    "es6": true,
    "postcss": true,
    "minified": true,
    "newFeature": true,
    "babelSetting": {
      "ignore": [],
      "disablePlugins": [],
      "outputPath": ""
    },
    "packNpmRelationList": [],
    "condition": false
  },
  "compileType": "game",
  "libVersion": "2.20.1",
  "appid": "wx7bf0c962f07463c4",
  "projectname": "quickstart",
  "condition": {},
  "packOptions": {
    "ignore": [
      {
        "value": "/minitest",
        "type": "folder"
      }
    ],
    "include": []
  },
  "editorSetting": {
    "tabIndent": "insertSpaces",
    "tabSize": 2
  },
  "testRoot": "minitest/"
}