{
    "compileType": "miniprogram",
    "setting": {
        "urlCheck": true,
        "coverView": true,
        "es6": true,
        "postcss": true,
        "lazyloadPlaceholderEnable": false,
        "preloadBackgroundData": false,
        "minified": true,
        "autoAudits": false,
        "uglifyFileName": false,
        "uploadWithSourceMap": true,
        "enhance": true,
        "useMultiFrameRuntime": true,
        "showShadowRootInWxmlPanel": true,
        "packNpmManually": false,
        "packNpmRelationList": [],
        "minifyWXSS": true,
        "useStaticServer": true,
        "showES6CompileOption": false,
        "checkInvalidKey": true,
        "babelSetting": {
            "ignore": [],
            "disablePlugins": [],
            "outputPath": ""
        },
        "disableUseStrict": false,
        "useCompilerPlugins": false,
        "minifyWXML": true,
        "ignoreUploadUnusedFiles": true,
        "condition": false
    },
    "condition": {},
    "editorSetting": {
        "tabIndent": "insertSpaces",
        "tabSize": 4
    },
    "description": "项目配置文件，详见文档：https://developers.weixin.qq.com/miniprogram/dev/devtools/projectconfig.html",
    "packOptions": {
        "ignore": [],
        "include": []
    },
    "appid": "wx83fbef9f91c8aeb6"
}